{"assets/images/.DS_Store":["assets/images/.DS_Store"],"assets/images/dash.gif":["assets/images/dash.gif"],"assets/images/dash_.gif":["assets/images/dash_.gif"],"assets/images/henry.png":["assets/images/henry.png"],"assets/images/icon.png":["assets/images/icon.png"],"assets/images/icon_old.png":["assets/images/icon_old.png"],"assets/images/nodata.png":["assets/images/nodata.png"],"packages/cupertino_icons/assets/CupertinoIcons.ttf":["packages/cupertino_icons/assets/CupertinoIcons.ttf"],"packages/font_awesome_flutter/lib/fonts/fa-brands-400.ttf":["packages/font_awesome_flutter/lib/fonts/fa-brands-400.ttf"],"packages/font_awesome_flutter/lib/fonts/fa-regular-400.ttf":["packages/font_awesome_flutter/lib/fonts/fa-regular-400.ttf"],"packages/font_awesome_flutter/lib/fonts/fa-solid-900.ttf":["packages/font_awesome_flutter/lib/fonts/fa-solid-900.ttf"]}